metragem_m2,terreno_m2,quartos,banheiros,vagas_garagem,qualidade,idade_anos,preco_mil
158.9,785.0,3,2,2,7,5,208.5
117.2,891.9,3,2,2,6,31,181.5
165.9,1045.2,3,2,2,7,7,223.5
159.5,887.2,3,1,3,7,91,140.0
204.2,1324.8,4,2,3,8,8,250.0
126.5,1311.3,1,1,2,5,16,143.0
157.4,936.8,3,2,2,8,3,307.0
194.2,964.5,3,2,2,7,36,200.0
164.8,568.6,2,2,2,7,77,129.9
100.1,689.3,2,1,1,5,69,118.0
96.6,1040.5,3,1,1,5,43,129.5
215.9,1107.8,4,3,3,9,1,345.0
84.7,1204.8,2,1,1,5,46,144.0
138.8,989.6,3,2,3,7,1,279.5
116.4,1014.5,2,1,1,6,48,157.0
79.3,568.6,2,1,2,7,78,132.0
93.3,1044.3,2,1,2,6,40,149.0
120.4,1002.5,2,2,2,4,39,90.0
103.5,1272.3,3,1,2,5,4,159.0
124.4,702.3,3,1,1,5,51,139.0
220.7,1320.6,4,3,3,8,1,325.3
102.9,692.0,3,1,1,7,77,139.4
166.8,905.1,3,2,2,8,6,230.0
98.5,392.4,3,1,2,5,31,129.9
98.5,766.1,3,1,1,5,42,154.0
148.6,1322.0,3,2,3,8,2,256.3
83.6,668.9,3,1,2,5,59,134.8
158.3,1066.3,3,2,3,8,3,306.0
148.6,1516.3,2,1,1,5,49,207.5
48.3,587.5,1,1,1,4,81,68.5
122.4,789.7,3,1,1,4,88,40.0
114.1,793.8,3,1,1,5,42,149.4
114.6,1026.5,3,2,2,8,1,179.9
157.9,980.3,4,1,2,5,51,165.5
145.0,679.4,2,2,2,9,2,277.5
227.8,1246.6,4,3,3,8,2,309.0
101.9,1008.8,3,1,2,5,15,145.0
120.5,792.6,3,1,2,5,55,153.0
98.2,736.0,3,1,1,5,57,109.0
107.0,561.1,2,2,0,4,53,82.0
123.0,804.4,3,2,2,6,41,160.0
123.4,1570.5,2,1,1,5,48,170.0
82.1,852.8,2,1,2,5,24,144.0
87.1,854.7,3,1,1,5,33,130.2
106.8,738.1,3,1,1,5,47,141.0
162.8,711.5,2,2,2,9,5,319.9
199.6,1191.2,1,1,2,7,6,239.7
153.8,1030.9,3,2,3,8,1,249.7
134.9,414.0,2,2,0,4,89,113.0
88.7,719.3,3,1,1,5,41,127.0
136.6,1288.5,3,2,2,6,10,177.0
109.3,579.7,3,1,2,6,72,114.5
75.8,787.1,2,1,2,5,47,110.0
171.1,4670.3,0,0,3,9,25,385.0
126.3,662.8,3,1,2,5,52,130.0
132.4,945.3,3,2,2,6,44,180.5
161.6,245.7,3,2,2,8,10,172.5
159.8,1081.9,3,2,2,7,2,196.5
273.6,1271.1,3,3,3,10,0,438.8
72.5,668.9,2,1,1,5,36,124.9
107.6,1214.4,3,1,2,6,2,158.0
103.2,668.9,3,1,1,5,87,101.0
127.3,598.5,2,2,2,8,1,202.5
158.9,956.9,3,2,2,7,89,140.0
189.0,871.0,3,2,2,7,12,219.5
229.7,891.0,4,2,3,8,3,317.0
205.0,1848.8,3,2,2,7,40,180.0
137.4,990.8,3,2,2,7,4,226.0
69.4,428.1,2,1,1,4,65,80.0
212.5,1448.6,3,2,2,7,53,225.0
206.5,1268.2,3,2,2,7,34,244.0
78.5,706.0,2,1,2,4,25,129.5
159.6,942.1,3,2,2,7,11,185.0
100.9,947.6,3,1,2,5,56,144.9
149.1,537.9,3,2,1,3,95,107.4
91.8,148.3,2,1,1,4,36,91.0
88.4,787.4,2,1,1,4,52,135.8
119.4,802.2,2,1,1,5,60,127.0
164.3,1001.3,4,2,0,4,42,136.5
114.3,969.9,2,1,2,5,99,110.0
199.0,1207.7,4,2,1,6,41,193.5
124.2,418.1,2,2,2,6,8,153.5
145.2,948.2,3,2,3,8,1,245.0
98.9,826.1,3,1,2,5,47,126.5
136.9,792.5,3,2,2,7,14,168.5
224.5,1491.9,4,2,2,8,15,260.0
144.9,1106.6,3,2,2,6,4,174.0
113.7,367.1,2,2,2,6,0,164.5
141.8,786.9,2,1,0,3,94,85.0
92.0,749.7,3,1,0,4,13,123.6
96.6,668.9,2,1,2,4,56,109.9
114.7,789.7,2,1,2,5,45,98.6
89.6,1241.2,2,1,2,5,88,163.5
212.8,668.9,4,2,2,6,97,133.9
165.9,867.4,3,2,2,6,10,204.8
136.6,907.2,3,2,2,6,16,185.0
147.5,953.6,3,2,2,7,7,214.0
89.2,1014.6,3,1,1,4,42,94.8
77.6,987.1,2,1,1,5,90,83.0
113.8,865.9,3,1,0,4,51,129.0
149.6,985.1,3,2,2,6,33,205.0
160.9,855.3,3,2,2,6,25,178.0
142.6,652.0,4,2,2,5,30,119.0
113.9,966.4,3,2,3,7,1,198.9
168.9,720.7,4,1,1,7,76,169.5
185.1,871.0,3,2,2,8,5,250.0
97.3,1003.4,2,1,1,4,122,100.0
73.3,557.4,2,1,1,5,60,115.0
140.9,789.7,3,2,0,5,88,115.0
171.3,1091.7,3,2,2,6,33,190.0
172.3,884.9,4,2,1,6,52,136.9
132.9,720.0,3,2,2,7,10,180.0
250.5,925.8,4,2,3,7,0,384.0
209.9,1951.0,3,2,2,6,54,217.0
215.5,674.4,3,2,1,6,62,259.5
135.5,300.1,2,2,2,6,8,176.0
101.5,1079.2,3,1,1,5,47,139.0
104.5,793.0,2,1,2,5,1,155.0
299.3,1149.8,5,3,3,7,20,320.0
135.3,786.1,3,2,2,6,1,164.0
91.8,1993.0,1,1,2,6,37,180.0
104.3,563.0,3,1,1,4,68,100.0
100.3,879.2,3,1,1,6,50,136.0
111.4,733.2,2,2,2,6,15,153.9
147.3,1583.3,3,2,2,6,30,181.0
70.0,629.9,2,1,0,6,71,84.5
89.0,457.8,2,2,2,6,31,128.0
78.0,407.7,3,1,0,5,77,87.0
125.2,705.1,3,1,2,6,40,155.0
97.8,833.6,3,1,2,5,48,150.0
200.4,1319.2,4,2,2,7,40,226.0
190.8,1135.6,3,2,2,6,9,244.0
123.3,686.4,3,1,2,5,48,150.8
120.4,636.7,2,2,2,8,8,220.0
159.9,960.2,3,2,2,5,38,180.0
156.3,966.2,3,2,2,7,38,174.0
112.8,962.0,3,2,1,5,40,143.0
182.0,1028.4,5,3,3,7,18,171.0
172.1,842.3,3,2,3,8,9,230.0
163.9,1433.1,3,2,2,6,12,231.5
80.3,975.5,3,1,0,4,39,115.0
161.1,1081.9,3,2,2,7,1,260.0
128.7,791.5,4,2,2,5,58,166.0
139.4,960.2,3,2,2,7,10,204.0
160.5,845.4,6,2,2,5,43,125.0
158.8,234.3,3,2,2,6,2,130.0
81.3,568.6,2,1,1,5,78,105.0
189.1,883.0,3,2,2,7,9,222.5
100.3,696.8,3,1,0,7,4,141.0
124.9,579.7,3,1,1,5,70,115.0
90.0,962.1,3,1,2,5,32,122.0
158.9,1290.5,2,2,3,8,1,372.4
185.2,1375.2,4,2,2,6,35,190.0
116.3,1254.2,1,1,2,6,48,235.0
111.5,1053.5,4,1,1,6,83,125.0
101.8,891.9,2,1,0,6,84,79.0
96.6,668.9,2,1,2,5,56,109.5
182.8,1115.1,4,2,3,8,1,269.5
180.9,1166.1,3,2,2,7,6,254.9
228.7,1800.3,4,2,2,7,1,320.0
114.5,1033.1,3,2,2,6,24,162.5
247.9,1271.7,3,2,3,9,5,412.5
143.2,1131.7,3,2,2,7,5,220.0
81.9,511.0,1,1,0,4,51,103.2
150.1,501.7,3,2,1,6,81,152.0
125.9,938.9,4,2,0,5,68,127.5
173.4,994.8,2,1,1,5,54,190.0
200.8,981.2,3,1,3,8,0,325.6
159.8,765.9,3,2,2,7,3,183.5
158.6,1548.6,2,2,2,8,25,228.0
128.4,1148.1,2,1,2,5,66,128.5
153.8,2951.5,3,1,2,6,50,215.0
164.2,492.9,2,2,2,7,19,239.0
126.5,947.3,3,1,2,6,47,163.0
153.4,1153.5,3,2,2,6,22,184.0
200.5,1172.0,4,2,2,6,57,243.0
191.4,931.7,4,2,2,6,19,211.0
178.4,1268.1,4,2,2,5,48,172.5
207.5,1618.6,1,2,3,9,1,501.8
89.9,791.5,2,1,2,5,84,100.0
141.7,196.7,3,2,2,6,7,177.0
167.4,704.9,4,1,1,7,86,200.1
124.5,841.7,3,1,1,5,50,120.0
193.4,1061.5,3,2,2,7,5,200.0
116.3,691.0,3,1,2,5,98,127.0
335.2,2132.1,4,2,3,10,114,475.0
113.1,924.1,3,2,2,7,19,173.0
153.8,967.1,3,2,1,5,93,135.0
113.7,652.0,2,0,2,5,30,153.3
148.0,457.4,0,1,2,8,7,286.0
253.3,982.0,3,2,2,8,75,315.0
137.4,694.2,4,1,2,7,35,184.0
132.9,837.7,3,2,2,7,10,192.0
158.8,234.3,3,2,2,7,2,130.0
80.3,667.0,3,1,1,5,36,127.0
135.3,211.8,3,2,2,6,33,148.5
160.4,874.8,3,2,3,7,0,311.9
289.1,2361.5,4,2,2,8,88,235.0
207.1,512.8,5,1,0,6,97,104.0
159.1,891.0,3,2,3,8,5,274.9
104.1,793.9,2,2,2,4,7,140.0
118.8,940.6,3,2,2,6,31,171.5
121.7,650.3,2,2,1,6,82,112.0
78.8,412.3,1,1,2,6,4,149.0
119.3,325.2,2,1,1,5,62,110.0
134.0,1101.0,3,2,2,7,19,180.5
157.6,1270.3,3,1,1,5,45,143.9
102.2,1160.6,3,1,1,4,48,141.0
191.6,1334.5,3,2,2,7,19,277.0
101.5,766.5,3,1,2,6,44,145.0
80.3,520.6,2,1,0,5,83,98.0
112.6,968.0,3,2,2,6,1,186.0
172.1,802.7,3,2,2,7,0,252.7
92.0,1260.5,3,1,2,5,11,156.0
129.3,1012.6,3,1,1,6,33,161.8
114.8,930.1,2,1,1,5,49,134.4
133.4,785.0,3,2,2,7,4,210.0
123.4,920.3,3,1,1,4,81,107.0
181.5,1454.9,3,1,2,7,69,311.5
115.9,279.6,2,2,2,7,1,167.2
139.2,835.2,2,2,2,7,0,204.9
210.6,749.5,4,2,2,6,7,200.0
144.2,1066.1,3,2,2,6,31,179.9
80.3,975.5,2,1,2,4,38,97.0
222.2,1251.6,3,2,3,10,6,386.2
121.0,156.1,3,2,1,5,38,112.0
234.1,924.4,4,2,3,7,12,290.0
91.7,173.6,2,1,1,6,38,106.0
84.7,791.6,3,1,1,5,43,125.0
144.5,295.6,2,2,2,7,4,192.5
110.9,813.8,3,1,1,6,51,148.0
259.6,1406.4,4,2,3,8,14,403.0
91.7,156.1,2,1,1,6,34,94.5
83.1,989.4,3,1,1,5,34,128.2
182.1,729.4,4,2,2,6,8,216.5
91.7,156.1,2,1,1,6,37,89.5
131.4,815.0,3,2,2,7,6,185.5
162.0,878.2,3,2,2,7,17,194.5
157.4,1117.6,3,2,3,8,0,318.0
138.1,812.1,3,1,1,6,65,113.0
145.5,836.1,3,2,2,8,2,262.5
80.5,360.5,2,1,0,5,62,110.5
133.8,464.5,3,1,1,5,106,79.0
113.1,999.8,3,1,1,6,29,120.0
196.0,825.0,3,2,2,7,16,205.0
173.9,966.2,3,2,2,7,18,241.5
179.1,849.3,4,2,1,6,96,137.0
127.7,1050.7,2,1,2,6,52,140.0
155.0,1051.4,3,2,2,7,4,180.0
199.2,14771.6,4,2,2,6,49,277.0
121.3,497.0,3,1,0,3,70,76.5
151.0,441.3,2,2,2,8,1,235.0
152.4,777.2,3,2,2,6,4,173.0
121.0,868.6,3,2,1,6,43,158.0
122.1,780.4,3,1,1,5,53,145.0
212.8,811.8,4,2,2,7,7,230.0
160.5,816.7,3,2,2,6,5,207.5
149.0,818.8,3,2,2,7,3,220.0
166.5,1155.2,3,2,2,7,7,231.5
81.9,1180.1,2,1,1,5,52,97.0
128.4,1792.7,3,1,2,6,47,176.0
239.1,890.8,3,2,3,8,0,276.0
112.6,787.0,3,1,2,6,29,151.0
122.3,511.0,3,1,2,5,81,130.0
71.0,486.1,2,1,2,5,83,73.0
132.1,1123.2,3,2,2,6,27,175.5
140.4,1041.2,3,2,2,6,9,185.0
203.6,780.4,4,2,1,5,69,179.5
72.3,641.0,2,1,1,5,68,120.5
103.4,735.5,3,1,1,6,31,148.0
180.1,996.7,3,2,3,8,0,266.0
126.6,3632.9,2,1,2,7,54,241.5
210.9,1092.9,4,2,3,8,11,290.0
151.6,891.9,3,2,1,6,51,139.0
75.8,772.4,2,1,1,5,25,124.5
143.8,674.8,3,2,2,7,84,205.0
144.9,854.3,3,2,2,7,7,201.0
80.3,1778.0,2,1,2,4,59,141.0
197.0,1342.4,3,2,3,9,1,415.3
187.8,929.5,4,2,2,7,31,192.0
184.1,1048.6,3,2,2,7,18,228.5
117.2,668.9,2,2,2,6,0,185.0
122.1,470.4,2,2,2,7,2,207.5
136.4,893.0,3,2,3,8,1,244.6
146.3,744.3,2,2,2,6,15,179.2
116.1,394.9,2,2,2,7,1,164.7
161.1,909.1,3,1,2,6,44,159.0
79.7,754.8,3,1,0,4,35,88.0
83.6,912.2,3,1,1,5,43,122.0
129.7,811.0,3,1,1,6,92,153.6
178.3,1450.3,3,2,2,8,0,233.2
159.4,528.3,6,2,0,5,96,135.9
159.4,1059.9,3,1,1,5,60,131.0
210.2,1547.7,3,2,2,7,29,235.0
152.7,891.9,3,1,2,6,56,167.0
93.2,737.4,3,1,2,6,22,142.5
144.7,1273.7,4,1,1,5,57,152.0
181.2,687.4,3,2,2,7,10,239.0
161.9,1087.0,3,1,2,6,39,175.0
107.0,1300.6,3,1,1,6,59,158.5
124.1,1463.2,2,1,1,5,53,157.0
227.8,1507.4,4,2,2,8,9,267.0
143.2,1273.1,3,2,3,7,5,205.0
83.1,910.4,3,1,2,5,34,149.9
324.5,1708.1,3,3,3,7,128,295.0
185.8,964.9,3,2,3,8,3,305.9
208.4,1251.8,4,2,3,7,17,225.0
130.6,735.8,3,1,0,6,88,89.5
80.0,1146.6,1,1,2,4,69,82.5
180.6,1150.0,3,2,3,9,3,360.0
139.4,714.0,3,2,2,6,13,165.6
90.3,743.2,2,1,1,6,61,132.0
103.9,724.6,3,1,2,5,67,119.9
189.2,19996.9,3,2,2,7,44,375.0
152.5,891.9,3,1,2,7,81,178.0
133.0,724.2,3,2,2,7,5,188.5
218.6,1208.2,4,2,2,7,29,260.0
182.0,836.1,3,2,3,8,1,270.0
245.8,919.7,4,2,3,7,16,260.0
136.8,1311.3,3,2,2,7,29,187.5
241.2,1510.5,4,3,3,9,0,342.6
229.3,1124.0,4,2,3,8,3,354.0
253.6,964.3,4,2,2,7,21,301.0
108.0,540.7,3,1,1,3,51,126.2
276.7,1047.5,5,2,2,7,43,242.0
74.6,464.5,2,1,2,5,66,87.0
159.7,1007.6,1,1,2,8,15,324.0
128.5,1077.7,3,1,1,6,46,145.2
198.3,1104.4,5,2,2,6,93,214.5
110.7,594.8,3,1,1,5,89,78.0
160.5,987.0,6,2,1,5,43,119.0
98.1,759.6,3,1,1,5,49,139.0
151.3,989.9,3,2,3,8,6,284.0
126.2,761.6,2,2,2,7,4,207.0
152.2,840.0,3,2,2,6,10,192.0
165.9,15297.4,3,2,2,5,43,229.0
178.6,1315.2,3,2,3,9,2,377.4
142.7,848.7,3,2,2,7,6,214.0
150.6,1314.1,3,2,2,7,22,202.5
112.9,1152.0,3,1,1,6,51,155.0
177.3,1318.4,4,2,2,8,8,202.9
78.1,780.4,2,1,1,4,59,82.0
96.6,793.8,2,2,2,3,57,87.5
156.4,822.1,2,2,2,9,3,266.0
103.3,240.8,3,1,1,5,34,85.0
146.5,597.8,3,1,1,6,67,140.2
89.0,1186.6,2,1,1,6,47,151.5
137.3,1635.1,3,2,2,6,49,157.5
151.1,227.4,2,2,2,7,5,154.0
253.4,1898.1,4,2,3,9,1,437.2
173.6,726.5,2,2,2,9,0,318.1
135.0,489.7,2,1,2,7,20,190.0
103.2,843.9,3,1,1,5,67,95.0
66.9,791.5,2,1,2,6,82,105.9
148.2,780.4,2,1,1,6,66,140.0
111.5,1045.1,3,2,2,6,12,177.5
108.4,859.2,3,2,2,6,17,173.0
106.1,392.4,3,1,2,5,31,134.0
125.6,643.8,3,1,1,5,48,130.0
178.7,1115.9,3,2,2,8,8,280.0
84.7,700.5,2,1,2,6,29,156.0
139.8,849.5,3,1,1,5,68,145.0
178.6,678.3,4,3,2,7,6,198.5
91.7,156.1,2,1,1,6,37,118.0
146.2,1746.6,3,2,2,6,30,190.0
124.9,993.1,3,1,1,5,89,147.0
129.5,882.6,3,1,2,6,46,159.0
132.9,850.1,3,1,1,6,46,165.0
117.8,724.6,2,1,1,5,56,132.0
119.6,913.2,3,1,2,5,51,162.0
154.6,754.5,3,2,2,6,6,172.4
147.5,1590.5,4,2,2,4,49,134.4
69.9,666.6,2,1,1,6,26,125.0
122.5,987.9,3,1,1,5,56,123.0
179.1,761.8,4,2,2,7,4,219.5
84.0,930.9,1,0,0,1,87,61.0
84.9,821.8,2,1,2,5,10,148.0
229.1,1035.2,4,3,2,8,3,340.0
172.4,1058.5,1,1,3,9,0,394.4
167.2,754.7,3,2,2,6,9,179.0
157.1,464.5,3,2,1,5,86,127.0
120.9,668.9,2,2,2,7,0,187.8
166.9,858.9,3,2,2,7,1,213.5
72.8,836.1,2,1,2,6,81,76.0
181.4,4933.8,3,2,2,6,15,240.0
117.9,295.6,2,2,2,8,6,192.0
110.0,781.3,5,1,0,5,96,81.0
104.5,668.9,3,1,1,6,33,125.0
137.4,871.6,3,2,2,7,9,191.0
216.6,1158.9,3,2,3,10,1,426.0
127.0,780.9,4,1,1,5,108,119.0
182.2,1134.3,3,2,2,6,8,215.0
81.9,774.7,3,1,1,5,48,106.5
73.2,691.8,2,1,0,4,65,100.0
96.1,941.5,2,1,1,5,67,109.0
106.3,889.2,3,1,1,5,54,129.0
83.1,668.9,2,1,2,5,37,123.0
168.3,705.1,4,2,1,5,45,169.5
100.1,833.1,2,1,1,5,87,67.0
144.0,754.8,2,2,2,7,3,241.0
119.7,1390.1,1,1,2,8,12,245.5
121.7,814.5,3,2,2,7,1,165.0
62.4,947.6,2,1,1,5,68,108.0
210.2,1123.2,4,2,2,8,8,258.0
146.0,962.8,3,2,2,6,12,168.0
150.5,928.2,3,2,2,4,33,150.0
152.3,973.6,3,1,1,6,72,115.0
156.1,1447.1,4,2,1,6,93,177.0
201.8,1314.9,3,2,3,7,1,280.0
193.1,1003.4,3,2,3,8,1,339.8
118.5,889.2,3,1,1,5,51,60.0
98.1,3219.1,3,1,2,5,51,145.0
137.3,409.1,2,2,2,7,1,222.0
95.5,832.4,2,1,2,5,83,115.0
194.8,1043.1,3,2,3,7,15,228.0
124.5,826.7,3,2,2,7,0,181.1
130.1,728.7,3,1,2,6,28,149.5
243.8,2082.9,4,2,3,6,89,239.0
105.4,758.1,3,1,1,5,67,126.0
98.1,785.0,3,1,1,5,42,142.0
124.9,655.9,2,2,4,7,11,206.3
148.8,1545.4,3,2,2,6,32,215.0
91.8,2020.6,2,1,2,5,54,113.0
244.3,854.7,4,2,3,8,10,315.0
111.1,836.1,2,1,1,6,52,139.0
129.0,313.8,3,1,1,7,63,135.0
152.7,1189.2,2,2,2,7,20,275.0
84.3,798.3,3,1,1,4,51,109.0
112.2,628.2,2,2,2,7,0,195.4
131.2,1064.4,3,2,2,6,21,175.0
91.7,156.1,2,1,1,6,37,85.4
111.3,519.0,4,1,0,6,88,79.9
126.8,178.4,2,1,2,5,36,122.5
149.0,1007.0,3,2,2,6,11,181.0
58.5,175.6,1,1,0,4,36,81.0
154.3,991.0,3,2,2,7,13,212.0
103.9,408.8,2,1,2,6,86,116.0
84.0,557.4,2,1,1,6,83,119.0
64.5,397.6,2,1,1,5,94,90.4
111.1,1147.7,3,1,2,6,89,110.0
223.2,1433.6,2,2,3,10,1,555.0
133.8,1124.9,4,2,0,4,53,118.0
146.1,579.7,3,2,2,5,78,162.9
116.9,364.4,2,2,3,7,1,172.5
177.3,812.9,4,2,2,7,14,210.0
156.9,915.6,3,1,2,6,53,127.5
175.4,1532.2,2,2,2,6,44,190.0
175.2,1041.8,4,2,2,7,8,199.9
127.8,799.0,3,2,1,6,69,119.5
109.9,557.4,2,1,1,3,59,120.0
75.5,528.1,2,1,1,6,76,110.0
142.4,6573.9,2,2,2,7,31,280.0
163.1,864.3,3,2,2,6,11,204.0
147.7,836.1,3,2,2,8,1,210.0
160.5,863.7,4,2,2,5,30,188.0
115.4,891.9,3,1,2,7,34,175.5
124.9,424.7,4,1,3,5,92,98.0
154.5,4945.0,2,1,2,4,54,256.0
154.8,473.8,3,1,1,8,83,161.0
111.8,651.7,3,1,1,5,59,110.0
179.8,743.6,3,2,2,8,0,263.4
105.4,668.9,3,1,2,7,73,155.0
80.3,769.3,3,1,1,5,44,62.4
154.2,1113.7,3,1,1,6,74,188.7
96.6,783.2,3,2,0,5,31,124.0
131.4,285.4,2,2,2,7,2,178.7
118.6,987.4,2,1,2,7,37,167.0
152.7,880.7,3,1,1,5,65,146.5
151.8,1061.7,3,2,3,8,1,250.0
158.9,863.2,3,2,2,6,15,187.0
139.5,633.6,1,1,2,8,25,212.0
182.9,1110.4,3,2,2,7,30,190.0
99.6,341.4,2,1,2,6,3,148.0
183.6,1391.4,2,2,3,8,1,440.0
153.5,495.2,2,2,2,8,7,251.0
90.1,787.8,2,1,2,5,44,132.5
138.7,1219.4,3,2,2,6,11,208.9
245.5,1272.1,3,2,3,9,1,380.0
159.6,988.2,3,2,3,8,2,297.0
105.1,550.5,2,1,2,4,70,89.5
171.9,1489.5,3,2,3,9,2,326.0
166.5,1100.5,2,2,3,9,3,374.0
169.6,232.3,4,1,1,7,94,155.0
113.0,418.1,2,2,2,6,8,164.0
92.8,720.7,3,1,1,5,45,132.5
103.4,891.9,3,1,1,5,59,147.0
99.7,955.9,3,1,2,5,42,156.0
137.9,1137.4,3,2,2,5,36,175.0
224.3,1003.4,3,2,2,5,106,160.0
58.5,141.8,1,1,1,4,39,86.0
121.1,247.6,3,1,1,5,32,115.0
146.6,881.6,3,1,1,6,65,133.0
135.3,1447.2,3,2,2,6,0,172.8
117.9,736.8,3,1,1,5,48,155.0
82.3,537.4,2,1,1,5,71,91.3
66.9,732.0,2,1,0,4,89,34.9
299.9,1179.1,4,3,2,8,15,430.0
169.1,847.3,4,2,1,7,83,184.0
83.5,724.6,3,1,1,5,42,130.0
84.7,700.0,2,1,1,5,49,120.0
113.2,175.6,3,1,1,6,34,113.0
164.3,910.7,3,2,2,7,3,226.7
112.8,851.9,2,1,2,5,42,140.0
167.3,1449.5,1,2,2,7,51,289.0
122.8,214.4,3,2,2,6,35,147.0
182.1,705.7,4,2,2,5,57,124.5
177.5,887.6,3,2,2,8,13,215.0
113.2,730.4,2,2,2,6,0,208.3
128.0,891.9,3,2,2,7,80,161.0
96.7,891.9,3,1,1,5,50,124.5
126.6,1352.6,2,1,1,5,58,164.9
127.1,631.0,2,2,2,7,1,202.7
80.3,845.4,3,1,2,5,48,129.9
100.3,853.5,3,1,2,6,24,134.0
73.3,984.2,2,1,1,5,81,96.5
187.7,1135.3,3,2,3,10,0,402.9
196.9,970.7,3,2,2,6,37,158.0
217.8,948.4,3,2,3,7,13,265.0
166.9,885.5,3,2,2,6,9,211.0
193.2,1014.3,3,1,1,7,83,234.0
120.2,1003.4,3,2,0,4,108,106.2
115.6,1113.7,3,1,1,6,50,150.0
154.6,464.5,3,2,2,6,59,159.0
434.4,3724.9,3,3,3,10,0,184.8
222.8,1095.0,3,2,3,7,11,315.8
117.6,696.8,3,2,2,7,1,176.0
86.2,1235.6,2,1,1,5,51,132.0
252.0,1388.7,3,2,3,9,0,446.3
56.2,845.2,2,1,0,4,87,86.0
233.7,3035.0,4,3,2,6,50,200.6
140.2,947.6,3,2,2,6,20,175.0
126.5,571.8,3,2,2,6,88,128.0
76.8,668.9,2,1,1,5,55,107.5
31.0,464.5,1,1,0,1,61,39.3
131.4,841.3,3,2,2,8,2,178.0
125.1,650.3,3,1,0,5,98,107.5
160.2,829.1,3,2,2,7,10,188.0
80.3,1183.1,3,1,2,4,36,111.2
107.7,1073.3,3,1,1,5,38,158.0
148.7,1061.2,3,2,2,8,9,272.0
170.8,1356.5,2,2,3,9,3,315.0
212.3,1021.9,4,2,3,8,7,248.0
156.1,942.0,3,2,2,7,11,213.2
71.3,377.0,1,1,1,7,9,133.0
139.0,1589.0,3,2,2,7,0,179.7
202.8,1285.5,4,2,3,7,18,229.0
151.9,811.7,3,1,2,6,84,210.0
71.3,673.0,2,1,2,5,37,129.5
76.6,765.1,2,1,2,5,53,125.0
194.5,871.0,4,2,2,7,6,263.0
99.3,375.6,2,2,2,6,31,140.0
86.2,557.4,3,1,1,5,51,112.5
159.5,1035.5,3,2,3,8,3,255.5
104.6,815.4,2,2,2,4,60,108.0
190.1,987.1,3,2,3,7,5,284.0
97.4,592.7,2,1,1,5,84,113.0
101.5,1379.6,2,1,1,5,49,141.0
124.1,1025.6,3,1,1,4,86,108.0
134.3,2032.0,3,2,2,7,12,175.0
144.7,296.9,2,2,2,7,3,234.0
129.3,1053.6,3,1,2,5,53,121.5
129.0,930.0,2,1,2,5,32,170.0
92.5,1292.0,3,1,0,5,68,108.0
155.5,2023.4,4,2,2,6,90,185.0
213.2,1239.9,4,2,2,7,14,268.0
153.0,637.1,4,1,1,6,95,128.0
232.6,1040.3,4,2,3,9,3,325.0
142.6,944.9,3,2,2,7,6,214.0
198.1,1145.2,1,1,2,8,26,316.6
87.6,653.3,2,1,2,5,27,136.0
160.5,1217.1,6,2,2,5,43,142.6
80.3,681.2,2,1,1,6,47,120.0
157.2,1222.5,3,2,2,7,0,224.5
132.9,926.0,3,2,2,7,7,170.0
103.0,975.5,3,1,1,5,36,139.0
113.0,787.8,2,1,1,5,61,118.5
137.2,584.5,3,2,1,7,81,145.0
122.6,1094.1,3,1,2,5,40,164.5
129.3,334.8,2,2,2,7,1,146.0
166.8,1128.8,4,2,1,5,54,131.5
132.8,1355.0,3,1,2,6,47,181.9
189.7,1180.2,3,2,3,8,1,253.3
75.8,1100.1,3,1,0,6,17,118.5
257.8,1254.2,3,3,2,10,115,325.0
146.1,568.6,3,1,1,4,74,133.0
188.4,1063.1,2,2,3,8,1,369.9
77.9,953.8,2,1,1,6,90,130.0
79.9,812.0,2,1,2,5,27,137.0
136.8,2331.4,1,1,1,5,41,143.0
86.9,845.4,2,1,1,5,78,79.5
147.0,773.0,3,2,2,7,4,185.9
213.3,1252.1,3,2,3,10,1,452.0
75.8,613.2,2,1,2,5,26,138.0
78.8,412.0,1,1,2,6,6,140.0
85.8,742.3,3,1,1,5,33,110.0
169.6,1050.0,3,2,3,8,1,319.0
127.1,334.5,3,1,1,6,96,114.5
130.3,364.4,2,0,3,7,1,194.2
153.0,1206.3,3,2,2,5,29,217.5
144.6,181.2,3,2,2,6,28,151.0
176.9,1015.2,3,2,2,8,1,275.0
127.7,836.1,3,1,1,6,70,141.0
177.9,932.8,3,2,2,8,14,220.0
111.5,295.6,2,2,2,7,6,151.0
138.8,1189.4,3,2,2,7,6,221.0
184.5,1263.5,3,2,2,7,44,205.0
96.6,1157.9,3,1,2,5,13,152.0
186.5,724.6,3,3,1,5,58,225.0
296.7,1130.4,4,2,2,8,73,359.1
95.6,737.9,3,1,1,4,46,118.5
200.0,1026.6,3,2,3,9,9,313.0
95.9,965.7,3,2,2,6,29,148.0
173.9,1104.2,3,2,2,8,8,261.5
104.1,780.6,3,1,0,5,0,147.0
58.5,138.5,1,1,0,4,38,75.5
97.9,817.5,3,1,2,6,47,137.5
140.2,730.3,3,2,2,6,4,183.2
77.3,671.4,2,1,2,6,54,105.5
169.8,1086.4,3,2,3,9,0,314.8
210.1,1137.5,4,2,3,8,5,305.0
80.3,766.3,2,1,0,3,94,67.0
242.8,1003.4,4,2,2,6,34,240.0
91.0,656.3,3,1,2,5,32,135.0
140.5,196.7,2,2,2,6,7,168.5
166.3,966.2,4,1,2,6,34,165.2
103.7,929.0,3,1,2,6,48,160.0
132.1,1146.6,3,1,1,5,47,139.9
141.2,891.9,3,1,1,6,55,153.0
193.2,1078.2,5,1,2,5,38,135.0
125.4,838.0,3,1,2,6,44,168.5
162.6,836.1,3,1,1,5,126,124.0
144.4,426.4,2,2,2,8,1,209.5
131.1,1105.5,3,2,2,7,32,82.5
98.1,859.4,3,1,1,5,53,139.4
98.1,648.4,0,0,2,6,30,144.0
315.4,1012.3,8,2,0,6,93,200.0
74.3,568.6,1,1,0,2,73,60.0
128.9,557.4,3,2,1,5,55,93.0
74.0,815.4,2,1,0,5,98,85.0
145.6,369.9,1,2,3,8,0,264.6
141.0,1177.7,1,1,2,8,5,274.0
179.2,655.0,3,2,2,7,6,226.0
251.2,1287.6,4,2,2,8,37,345.0
150.5,1002.7,4,2,2,5,38,152.0
164.1,853.5,2,2,3,9,0,370.9
91.1,978.3,3,1,2,6,36,143.2
97.4,668.9,3,1,2,5,58,98.3
101.6,971.0,3,1,2,6,55,155.0
170.8,715.4,4,1,2,6,44,155.0
58.5,179.9,1,1,0,4,37,84.5
154.7,754.8,3,2,2,7,1,206.0
140.3,843.9,4,1,1,4,69,108.0
159.4,812.9,2,2,2,7,13,191.0
136.5,958.8,3,1,1,6,102,135.0
196.3,969.6,2,2,3,8,13,350.0
101.5,156.1,3,1,1,6,39,88.0
97.8,929.7,3,1,1,5,49,145.5
139.5,668.9,3,1,1,7,77,149.0
135.5,1626.1,3,1,1,6,62,97.5
138.1,923.2,3,1,2,5,45,167.0
179.8,1150.5,3,2,2,7,31,197.9
227.4,4328.3,4,2,3,8,15,402.0
129.3,1259.8,2,1,2,6,41,110.0
109.7,930.1,3,2,2,4,36,137.5
194.8,1941.3,1,1,3,8,1,423.0
179.9,1040.0,3,2,2,8,6,230.5
221.1,1714.1,3,2,2,6,42,129.0
156.0,754.8,3,2,2,6,14,193.5
133.5,1316.9,3,1,2,5,50,168.0
109.6,1077.7,2,1,1,4,84,137.5
137.1,802.0,3,2,2,6,4,173.5
127.2,615.9,3,2,1,6,84,103.6
112.2,1045.2,3,1,2,6,29,165.0
170.8,1341.7,3,2,2,6,50,257.5
105.5,854.7,3,1,1,6,43,140.0
133.9,212.7,3,2,2,6,31,148.5
164.8,891.9,4,2,3,4,106,87.0
73.6,838.2,2,1,1,5,85,109.5
190.1,1100.3,3,2,3,8,1,372.5
91.8,923.9,3,1,2,5,46,128.5
85.7,744.3,2,2,1,6,30,143.0
141.2,418.1,3,1,1,5,77,159.4
119.9,268.2,2,1,2,6,12,173.0
155.0,1045.0,3,2,3,9,5,285.0
170.8,1558.0,4,2,2,7,12,221.0
194.2,470.3,3,2,2,7,23,207.5
163.6,948.3,3,3,2,7,0,227.9
102.4,474.3,2,2,2,7,3,148.8
131.8,751.5,2,2,2,8,0,392.0
126.5,703.9,2,2,2,6,2,194.7
78.8,411.2,1,1,2,6,4,141.0
401.0,2000.7,4,3,3,10,13,755.0
234.0,2432.0,4,2,2,7,17,335.0
99.7,501.7,2,1,1,5,85,108.5
143.0,568.6,3,1,2,5,73,141.5
105.6,1283.1,2,2,2,6,19,176.0
57.2,557.4,2,1,1,5,85,89.0
106.7,596.4,2,1,1,5,54,123.5
83.1,785.0,3,1,1,5,45,138.5
129.2,397.8,2,2,2,7,4,196.0
167.2,1331.4,3,2,3,8,4,312.5
108.1,891.9,3,1,2,7,37,140.0
239.3,1155.5,4,2,3,8,0,361.9
168.3,708.9,4,2,2,5,110,140.0
137.9,780.4,3,2,2,7,6,213.0
101.5,520.3,3,2,0,4,80,55.0
169.5,10697.7,2,2,2,7,36,302.0
123.0,579.7,2,2,2,8,3,254.0
135.3,837.8,3,2,2,7,0,179.5
84.0,665.4,3,1,1,5,42,109.9
67.7,383.7,2,1,0,3,73,52.0
109.4,809.4,2,1,1,4,110,102.8
114.1,434.0,2,2,2,8,20,189.0
89.2,917.2,3,1,2,4,36,129.0
137.4,1255.8,3,2,2,6,34,130.5
125.4,942.0,3,2,2,6,35,165.0
237.3,1003.4,3,1,2,7,117,159.5
109.4,929.0,3,1,2,5,35,157.0
224.6,979.4,3,2,3,7,15,341.0
90.2,921.6,3,1,1,5,37,128.5
161.8,609.7,2,2,2,8,21,275.0
78.8,411.2,1,1,2,6,6,143.0
80.3,754.4,3,1,2,4,39,124.5
136.6,759.2,4,2,1,4,54,135.0
157.7,1234.3,3,2,3,9,2,320.0
80.3,646.6,3,1,2,4,39,120.5
156.1,2015.5,3,2,2,6,21,222.0
114.5,679.5,2,2,2,7,2,194.5
165.0,1066.1,4,2,3,5,51,110.0
112.2,579.7,2,1,2,4,84,103.0
150.1,500.7,2,2,2,8,15,236.5
106.5,890.9,3,2,2,7,4,187.5
188.7,1059.5,3,2,2,7,10,222.5
106.3,929.0,3,1,1,5,48,131.4
88.1,834.1,3,1,1,5,39,108.0
164.3,1003.4,2,1,2,7,92,163.0
96.6,793.8,2,2,2,3,56,93.5
167.3,972.0,3,2,3,8,1,239.9
111.5,1003.4,3,3,0,5,22,179.0
160.5,865.2,3,2,2,7,5,190.0
133.0,891.9,2,2,2,5,97,132.0
84.7,628.8,3,1,1,6,47,142.0
125.3,785.0,3,2,2,7,7,179.0
136.0,1197.1,3,2,2,5,46,175.0
124.2,501.2,2,2,2,8,15,180.0
252.2,832.7,4,3,2,8,32,299.8
209.6,817.1,4,2,2,7,9,236.0
245.3,1087.0,4,1,4,7,129,266.0
159.8,984.1,3,2,2,7,14,260.4
142.0,780.9,4,2,1,4,64,98.0
105.9,817.5,3,1,0,4,100,96.5
122.6,720.0,3,2,2,7,4,162.0
138.8,858.1,3,2,2,6,9,217.0
194.9,951.3,3,2,3,8,1,275.5
95.3,736.7,3,1,2,6,40,156.0
136.7,300.1,3,2,2,6,10,172.5
164.3,1000.5,3,2,2,8,2,212.0
128.8,1079.2,3,2,2,6,32,158.9
139.4,211.8,3,2,2,7,9,179.4
235.1,1138.7,4,2,3,8,12,290.0
80.3,845.4,2,1,1,6,50,127.5
120.9,642.1,2,1,2,5,85,100.0
143.7,802.7,3,2,2,7,1,215.2
219.7,876.1,3,2,3,8,10,337.0
138.8,887.1,2,1,2,8,11,270.0
139.9,1355.2,2,2,2,9,0,264.1
159.2,968.1,3,2,2,7,22,196.5
162.6,1162.0,4,2,1,6,68,160.0
170.6,845.4,3,2,2,7,2,216.8
304.6,4970.7,4,3,3,8,7,538.0
79.7,673.7,2,1,2,5,27,134.9
113.3,824.7,2,1,2,4,55,102.0
103.8,726.4,3,1,2,6,34,107.0
84.7,943.0,2,1,1,5,49,114.5
183.3,1321.6,3,2,3,8,1,395.0
111.9,418.1,2,2,2,6,11,162.0
149.9,1041.4,3,2,3,7,1,221.5
83.1,1240.3,3,1,2,5,32,142.5
187.7,780.4,4,2,2,5,30,144.0
93.3,978.3,2,1,2,6,29,135.0
116.4,731.6,3,2,2,7,12,176.0
148.9,664.5,3,2,2,6,14,175.9
132.9,1512.9,3,2,2,7,8,187.1
103.1,845.5,1,1,2,5,31,165.5
137.9,585.3,3,2,0,6,94,128.0
124.7,909.5,3,2,2,6,42,161.5
153.5,1003.4,4,2,1,5,95,139.0
193.6,942.2,4,2,2,7,6,233.0
83.7,557.4,2,1,1,4,54,107.9
193.9,1133.9,5,2,2,6,41,187.5
106.4,295.6,2,2,2,7,4,160.2
98.7,1052.9,3,1,2,6,31,146.8
187.0,921.6,3,2,2,7,11,269.8
139.0,850.8,3,2,2,8,0,225.0
176.1,1006.3,3,2,2,7,14,194.5
145.3,780.4,3,2,2,6,30,171.0
119.4,761.5,3,1,2,6,30,143.5
71.8,713.2,2,1,1,5,55,110.0
291.7,1255.9,4,3,3,9,1,485.0
164.3,668.9,3,1,1,5,70,175.0
156.8,1189.0,4,2,2,6,11,200.0
111.1,445.9,2,1,2,4,91,109.9
135.3,761.7,3,2,2,7,3,189.0
262.2,1290.5,4,3,3,9,1,582.9
104.8,836.1,2,1,1,5,52,118.0
132.7,1140.3,3,2,2,7,0,227.7
91.0,905.8,3,2,1,5,39,135.5
146.4,1986.6,3,1,2,5,86,223.5
100.9,1244.9,3,1,2,5,40,160.0
198.6,752.5,2,2,2,5,111,106.0
121.6,942.0,3,1,2,6,32,181.0
78.8,412.3,1,1,2,6,4,144.5
97.0,809.4,2,1,2,5,58,56.0
134.0,905.8,4,1,1,6,49,157.9
116.1,766.3,3,1,1,5,88,116.0
154.3,1127.6,3,2,2,7,12,224.9
93.6,1061.4,2,1,1,5,52,137.0
156.9,1232.4,3,2,3,8,6,271.0
97.7,819.0,3,1,2,6,39,155.0
126.2,591.9,2,2,2,7,1,224.0
152.4,671.3,3,2,2,7,5,183.0
87.0,557.4,2,1,2,4,56,93.0
161.0,1151.4,3,2,2,7,4,225.0
138.3,919.7,3,2,1,6,69,139.5
138.3,1042.0,3,2,2,8,0,232.6
193.6,1375.2,2,2,3,10,1,385.0
72.8,569.5,2,1,0,5,84,109.5
133.2,792.4,3,2,2,7,8,189.0
197.5,2666.1,3,2,2,5,42,185.0
113.6,236.3,2,2,2,7,1,147.4
129.3,1105.5,3,1,2,6,51,166.0
111.5,295.4,2,2,2,7,1,151.0
169.9,887.0,3,2,2,7,7,237.0
140.8,929.4,3,1,2,6,45,167.0
106.3,731.6,3,1,2,5,47,140.0
99.1,891.9,2,2,2,4,60,128.0
144.8,752.5,2,1,2,5,59,153.5
91.7,156.1,2,1,1,6,35,100.0
102.1,884.9,3,1,1,5,13,144.0
111.5,1093.2,3,1,1,5,62,130.5
137.7,1129.2,4,2,1,6,83,140.0
143.0,969.9,3,2,2,5,104,157.5
108.2,838.0,3,1,2,6,42,174.9
167.2,743.2,6,2,0,5,46,141.0
131.6,1176.6,4,1,3,5,93,153.9
158.0,1546.6,3,2,2,5,32,171.0
164.9,865.6,3,2,2,7,16,213.0
80.3,1442.1,3,1,1,5,37,133.5
219.1,4236.4,5,3,2,6,100,240.0
172.3,891.9,3,2,2,6,31,187.0
78.8,412.0,1,1,2,6,4,131.5
135.3,296.9,2,2,2,8,3,215.0
152.9,662.2,4,2,1,7,66,164.0
134.2,1123.7,3,1,2,6,45,158.0
165.3,1664.8,3,1,2,5,51,170.0
96.6,640.8,3,1,1,5,48,127.0
95.3,1019.1,3,1,2,6,30,147.0
137.6,754.8,3,2,2,6,15,174.0
127.3,966.2,3,2,2,7,33,152.0
246.6,1024.6,4,2,2,6,38,250.0
132.5,710.0,3,1,1,7,89,190.0
96.5,1080.0,3,1,2,5,45,131.5
101.9,898.6,3,2,2,6,26,152.0
106.7,736.8,3,1,1,5,50,132.5
127.5,802.7,3,2,2,7,1,250.6
93.1,812.9,3,1,2,5,39,148.5
152.9,990.0,3,2,3,8,1,248.9
104.1,647.5,3,1,2,4,46,129.0
215.5,1371.4,2,2,2,5,58,169.0
181.1,923.3,3,2,2,7,17,236.0
83.1,613.2,2,1,1,5,47,109.5
156.3,812.9,3,2,2,6,12,200.5
84.5,826.1,3,1,2,5,55,116.0
117.8,1128.2,3,1,1,5,60,133.0
105.1,531.4,3,1,1,5,68,66.5
242.5,836.1,4,2,2,8,0,303.5
96.6,2349.1,3,1,2,4,44,132.2
206.6,820.7,4,2,3,9,5,350.0
107.3,1094.6,3,1,2,5,49,148.0
80.3,650.3,3,1,1,5,31,136.5
101.3,652.6,2,1,2,5,2,157.0
159.5,1278.2,3,2,2,7,17,187.5
148.0,895.2,3,2,2,6,17,178.0
207.2,576.4,5,1,1,4,94,118.5
82.9,664.3,3,1,1,5,42,100.0
158.8,475.6,2,2,2,9,9,328.9
159.1,779.7,4,2,2,5,47,145.0
129.4,1529.7,3,1,1,5,53,135.5
206.0,1473.9,4,2,2,8,37,268.0
139.8,1129.7,2,1,2,6,56,149.5
85.8,749.2,3,1,2,5,58,122.9
156.4,1039.0,3,2,2,6,31,172.5
99.2,781.7,3,1,1,6,43,154.5
128.5,1234.1,3,1,1,5,54,165.0
142.6,652.0,4,2,2,5,30,118.9
166.9,655.5,4,1,2,6,45,140.0
88.4,814.3,2,1,1,4,70,106.5
208.1,652.0,6,2,2,5,30,143.0
219.6,1200.2,2,2,3,9,1,611.7
114.8,649.7,3,1,1,5,45,135.0
79.7,681.9,2,1,1,4,36,110.0
121.3,809.4,2,1,1,5,52,153.0
140.2,731.6,3,2,2,7,3,180.0
155.1,1380.4,3,2,3,7,0,240.0
83.8,573.5,3,1,1,5,40,125.5
98.8,921.6,3,1,1,5,56,128.0
152.0,1254.3,3,2,3,8,1,255.0
191.1,1068.4,3,1,1,7,70,250.0
83.8,825.4,2,1,2,5,23,131.0
137.9,1169.6,3,2,2,6,4,174.0
211.3,1077.7,5,2,2,5,50,154.3
117.8,862.7,3,1,1,5,32,143.5
94.3,568.6,3,1,1,5,81,88.0
186.0,582.5,4,2,3,5,58,145.0
113.7,278.7,2,2,2,6,0,173.7
101.5,185.9,3,1,1,4,37,75.0
44.6,836.1,1,0,1,2,57,35.3
114.2,1592.4,3,1,1,4,53,135.0
197.6,1219.4,4,2,3,7,16,238.0
131.4,1024.6,3,1,2,6,50,176.5
159.9,786.1,3,2,2,6,13,201.0
204.4,815.4,4,2,0,5,108,145.9
122.3,951.0,3,2,2,6,1,170.0
150.2,744.3,2,2,2,6,15,193.0
156.6,951.3,3,2,2,6,26,207.5
104.6,1450.3,3,2,2,5,31,175.0
220.6,1114.7,4,2,3,8,4,285.0
183.8,919.7,4,2,2,7,40,176.0
166.1,1099.8,3,2,2,8,8,236.5
207.7,1208.3,4,2,2,7,9,222.0
136.2,829.2,3,2,3,8,2,201.0
85.9,845.4,2,1,1,5,44,117.5
177.0,1084.2,3,2,3,9,1,320.0
139.4,788.5,3,2,2,7,5,190.0
192.2,2568.8,4,2,2,7,48,242.0
69.4,541.2,1,1,2,4,80,79.9
111.5,936.7,2,2,2,7,6,184.9
183.1,898.8,3,2,2,7,4,253.0
182.3,813.8,3,2,3,7,0,239.8
223.2,2238.0,4,2,1,7,70,244.4
160.5,1174.3,4,2,2,6,30,150.9
191.4,813.4,3,2,2,7,10,214.0
133.8,716.4,4,2,0,4,30,150.0
151.6,2322.6,4,2,2,5,40,143.0
124.9,1335.5,3,1,2,6,51,137.5
173.6,819.4,2,1,2,5,119,124.9
106.3,758.4,3,1,1,5,47,143.0
151.3,1350.4,3,2,3,8,5,270.0
165.0,1301.2,3,2,2,7,4,192.5
128.3,869.6,3,1,2,6,38,197.5
80.3,668.9,3,1,2,5,57,129.0
89.7,724.6,3,1,1,5,41,119.9
71.3,668.9,2,1,1,5,37,133.9
182.8,1028.9,4,2,2,5,39,172.0
91.0,873.3,4,2,0,6,31,127.5
181.9,663.0,4,2,2,6,61,145.0
114.2,120.8,2,1,2,6,29,124.0
98.2,689.3,3,1,2,5,45,132.0
124.2,785.0,3,2,2,7,4,185.0
131.6,238.9,3,2,2,7,11,155.0
79.7,669.6,2,1,0,5,52,116.5
266.8,1135.9,4,2,2,6,31,272.0
143.8,214.4,3,2,2,6,31,155.0
167.2,1107.7,2,2,2,9,2,239.0
176.0,1051.3,4,2,2,7,8,214.9
137.9,951.0,3,2,2,6,2,178.9
121.5,891.9,2,1,1,5,69,160.0
102.0,686.6,3,1,1,5,53,135.0
89.9,550.5,2,1,0,3,99,37.9
101.7,964.5,2,1,1,6,48,140.0
110.7,1003.4,4,1,0,4,57,135.0
151.1,210.7,2,2,2,7,6,173.0
85.3,733.2,2,2,1,6,31,99.5
132.7,1081.3,3,2,2,7,1,182.0
187.6,1060.4,3,1,2,7,99,167.5
128.4,246.3,3,2,2,7,6,165.0
80.7,548.1,2,1,0,4,83,85.5
115.3,397.1,1,1,2,7,1,199.9
83.1,877.9,3,1,2,4,53,110.0
104.1,819.0,3,1,2,5,46,139.0
92.8,1126.2,3,1,2,7,47,178.4
242.7,1133.7,4,2,3,8,11,336.0
117.6,295.6,2,2,2,7,1,159.9
212.7,1045.2,4,2,2,8,6,255.9
161.1,940.6,4,2,2,5,32,126.0
108.1,1010.8,3,1,1,5,58,125.0
151.9,493.3,2,1,1,6,96,117.0
180.2,943.8,3,2,3,9,1,395.2
188.6,1119.1,4,2,2,6,31,195.0
146.4,754.8,3,2,2,7,0,197.0
222.2,878.1,3,2,3,8,9,348.0
161.8,1641.7,4,1,2,8,127,168.0
172.0,906.7,3,2,2,6,43,187.0
139.4,821.8,3,2,2,6,1,173.9
159.6,1157.2,3,2,3,10,3,337.5
114.3,437.8,3,1,1,4,60,121.6
97.5,990.3,3,1,1,5,45,136.5
134.0,1088.5,2,2,2,6,39,185.0
100.1,909.1,3,1,1,3,84,91.0
112.2,628.2,2,2,2,7,4,206.0
87.7,948.2,2,1,2,3,57,82.0
64.2,501.7,2,1,1,5,87,86.0
146.2,1110.8,3,2,3,8,2,232.0
156.1,1068.4,4,2,2,5,31,136.9
139.7,295.6,1,2,2,7,4,181.0
91.5,779.0,3,2,1,5,31,149.9
153.9,1129.2,3,2,2,6,37,163.5
101.5,206.0,3,1,1,4,39,88.0
158.9,1125.8,3,2,2,7,5,240.0
141.4,557.4,4,2,0,5,80,102.0
118.1,1977.5,4,2,1,5,60,135.0
154.6,912.8,4,2,0,5,45,100.0
139.5,984.0,3,1,1,6,84,165.0
94.9,668.9,2,1,1,5,99,85.0
100.5,1083.6,2,1,1,6,59,119.2
154.7,780.4,3,2,2,8,8,227.0
139.7,1104.0,3,2,2,7,13,203.0
126.3,540.1,1,1,2,8,25,187.5
136.8,1001.9,3,2,2,7,16,160.0
139.9,279.9,2,2,2,7,1,213.5
105.2,652.6,2,1,2,4,3,176.0
113.3,688.0,2,2,2,7,0,194.0
115.9,876.9,2,1,1,5,77,87.0
139.7,295.6,2,2,2,7,3,191.0
269.2,1439.8,2,2,2,8,32,287.0
81.9,715.4,3,1,2,5,35,112.5
117.4,864.0,3,1,2,5,50,167.5
152.9,884.4,3,2,3,8,1,293.1
127.8,881.8,3,1,1,5,66,105.0
113.2,156.1,3,1,1,6,34,118.0
179.1,657.9,5,2,0,5,90,160.0
286.3,1473.7,5,2,2,7,89,197.0
234.1,1350.9,5,2,3,8,13,310.0
153.7,754.8,3,2,3,7,4,230.0
88.6,585.8,2,1,1,5,69,119.8
78.5,1068.4,3,1,1,4,52,84.0
150.5,1198.3,2,2,3,9,2,315.5
210.2,858.4,3,2,2,8,7,287.0
124.9,142.4,3,1,0,4,39,97.0
58.5,137.2,1,1,1,4,39,80.0
167.5,1219.4,3,2,2,5,49,155.0
151.6,848.2,4,1,2,6,42,173.0
121.3,499.9,1,2,2,6,4,196.0
216.4,1099.9,4,2,2,7,18,262.3
234.5,891.9,4,2,2,8,28,278.0
161.0,1270.9,4,2,2,3,54,139.6
266.4,1491.7,4,3,3,9,1,556.6
92.0,858.9,3,1,2,5,14,145.0
164.5,2020.6,3,1,2,5,49,115.0
86.4,1031.2,2,1,1,4,64,84.9
121.0,835.5,3,2,2,7,0,176.5
122.3,1038.2,3,2,2,7,0,200.1
183.7,882.6,4,1,2,6,43,165.0
141.8,795.4,4,1,1,5,53,144.5
184.8,1056.0,3,2,2,8,4,255.0
141.5,1055.5,3,2,2,6,32,180.0
126.7,655.2,2,2,2,7,1,185.8
171.9,2783.3,3,2,2,7,15,248.0
202.9,1050.5,3,2,3,9,1,335.0
185.0,1047.5,3,1,2,6,75,220.0
124.3,457.1,2,2,2,8,9,213.5
83.1,1672.3,2,1,3,3,73,81.0
217.1,1263.5,5,2,2,5,107,90.0
102.5,557.4,2,1,2,6,81,110.5
107.2,1021.9,3,1,2,5,43,154.0
210.0,1300.6,3,2,2,7,14,328.0
146.0,728.1,3,2,2,6,16,178.0
149.7,906.7,4,1,2,6,44,167.9
234.2,368.3,5,2,2,6,33,151.4
83.0,891.9,2,1,2,5,58,135.0
97.4,943.2,3,1,1,5,51,135.0
144.6,1087.0,4,1,2,6,41,154.0
135.3,704.7,4,1,1,5,58,91.5
132.5,738.6,3,1,2,6,32,159.5
115.2,794.9,2,2,3,7,1,194.0
161.7,1219.4,3,1,1,7,67,219.5
136.2,1003.4,3,2,2,5,70,170.0
101.8,1474.4,3,1,1,5,37,138.8
78.8,412.0,1,1,2,6,2,155.9
92.0,815.2,3,1,1,5,13,126.0
116.9,1025.6,3,2,2,6,37,145.0
96.6,696.8,3,1,1,5,47,133.0
135.5,812.8,3,2,2,7,5,192.0
116.2,817.5,3,1,1,6,42,160.0
139.2,1210.6,3,2,2,6,11,187.5
92.5,842.5,2,1,2,6,18,147.0
101.5,183.4,3,1,1,4,37,83.5
181.4,982.4,3,2,3,8,4,252.0
158.8,234.3,3,2,2,7,2,137.5
115.9,308.1,1,1,2,8,1,197.0
96.6,793.8,2,2,2,3,59,92.9
116.3,200.7,2,2,2,7,9,160.0
157.4,780.4,4,2,2,6,83,136.5
111.5,857.5,1,1,2,5,41,146.0
87.0,545.2,2,1,1,5,54,129.0
122.1,865.6,3,2,2,6,1,176.4
125.9,639.4,3,1,0,6,93,127.0
101.1,343.4,2,1,2,8,21,170.0
123.0,557.4,3,1,1,4,73,128.0
148.7,1103.7,3,2,2,7,31,157.0
40.7,780.4,1,1,1,2,89,60.0
88.3,906.5,3,1,1,5,36,119.5
105.4,650.3,2,1,1,5,47,135.0
110.9,827.8,3,1,2,6,47,159.5
121.0,187.3,3,2,2,5,37,106.0
243.6,1138.6,3,2,2,8,16,325.0
134.0,962.2,3,2,2,7,17,179.9
187.8,2160.6,3,2,2,7,0,274.7
157.0,749.1,3,2,2,6,7,181.0
170.6,1055.6,3,2,3,8,5,280.0
154.0,743.2,3,2,2,6,13,188.0
182.5,973.6,4,2,2,7,32,205.0
75.8,659.6,2,1,1,5,49,129.9
93.6,829.0,2,1,1,5,54,134.5
77.4,501.7,2,1,1,5,52,117.0
161.1,1122.7,3,2,3,8,0,318.0
131.8,720.0,3,2,2,8,7,184.1
83.1,907.1,3,1,2,5,41,130.0
148.7,1284.4,3,1,1,5,50,140.0
96.6,702.3,3,1,1,5,47,133.7
94.0,767.7,2,1,1,6,87,118.4
144.2,936.8,3,2,3,7,1,212.9
89.2,829.3,3,1,1,4,53,112.0
64.8,873.8,2,1,0,5,62,118.0
137.7,847.7,3,2,2,7,15,163.9
93.4,969.4,2,1,2,4,54,115.0
144.5,342.3,2,2,3,7,2,174.0
142.1,1353.8,3,2,3,7,3,259.0
182.0,1095.9,4,2,2,7,3,215.0
87.0,668.9,2,1,2,5,27,140.0
184.0,725.0,4,2,2,4,81,135.0
90.5,995.2,3,1,0,5,16,93.5
205.3,919.7,5,2,1,6,127,117.5
187.7,913.1,3,2,2,8,14,239.5
148.6,815.0,3,2,2,6,10,169.0
91.6,574.1,2,1,1,6,81,102.0
116.3,891.9,3,1,1,6,58,119.0
94.8,589.2,2,1,0,5,135,94.0
145.6,912.2,2,2,2,6,32,196.0
108.4,811.1,3,1,2,5,87,144.0
88.4,682.8,2,1,2,5,57,139.0
173.5,957.3,4,2,2,5,33,197.5
262.7,925.8,4,3,3,8,1,424.9
93.5,836.1,3,1,0,5,49,80.0
85.8,1131.6,2,1,1,4,69,80.0
146.4,579.7,3,1,1,5,78,149.0
120.6,1040.5,3,2,2,6,21,180.0
145.3,1114.8,3,1,1,7,68,174.5
103.2,529.5,2,1,1,7,82,116.9
137.7,836.1,3,1,2,7,89,143.0
86.6,769.2,2,1,1,6,57,124.0
136.2,1649.5,3,1,2,5,47,149.9
168.2,1311.3,2,1,2,6,50,230.0
75.8,547.2,2,1,1,6,78,120.5
169.1,1272.8,4,1,2,7,43,201.8
133.5,1000.4,3,2,2,5,31,218.0
117.5,868.6,3,2,2,5,43,179.9
122.1,464.6,2,2,2,7,2,230.0
146.8,1108.5,3,2,3,8,1,235.1
174.3,847.3,4,2,2,6,34,185.0
135.3,211.8,3,2,2,6,32,146.0
152.4,1372.9,3,1,2,6,54,224.0
83.1,810.5,3,1,2,5,39,129.0
116.9,1198.4,0,0,2,4,39,109.0
133.0,1501.0,2,1,2,5,29,194.0
139.5,886.4,3,2,2,7,0,233.2
157.4,973.2,3,2,3,8,2,245.4
155.2,1008.2,3,2,2,6,6,173.0
195.8,1275.4,4,2,2,6,73,235.0
337.0,3322.2,4,3,3,10,11,625.0
103.9,917.9,3,1,1,6,31,171.0
117.2,847.3,3,1,2,6,50,163.0
116.1,373.2,2,2,2,7,2,171.9
286.7,1675.0,3,3,0,5,61,200.5
217.9,1538.5,4,2,2,6,74,239.0
266.8,992.0,4,2,2,8,15,285.0
85.7,645.8,3,1,1,5,24,119.5
113.7,367.0,3,1,1,6,83,115.0
124.8,713.6,3,1,1,5,88,154.9
104.4,774.3,3,1,0,5,52,93.0
233.6,1037.7,4,2,2,7,16,250.0
153.5,519.0,2,2,2,8,0,392.5
415.8,1451.4,4,3,3,10,11,745.0
105.0,1003.4,2,1,2,5,86,120.0
146.0,3264.0,3,1,3,5,44,186.7
113.4,904.7,4,1,1,5,82,104.9
157.8,986.2,3,2,2,3,109,95.0
150.9,1157.7,2,2,3,8,12,262.0
154.2,830.1,3,2,2,7,7,195.0
167.6,696.8,3,2,2,7,11,189.0
150.7,3015.9,3,1,4,4,46,168.0
133.9,245.7,2,2,2,8,8,174.0
136.8,891.9,3,1,1,5,82,125.0
113.7,418.1,2,2,2,6,10,165.0
125.6,869.9,4,1,1,6,41,158.0
135.3,745.9,3,2,2,6,3,176.0
173.1,1305.7,4,2,3,7,0,219.2
157.0,822.2,3,1,1,7,90,144.0
112.6,845.4,3,2,2,7,8,178.0
128.4,1043.8,3,1,2,4,43,148.0
80.3,868.9,3,1,1,4,36,116.0
165.3,966.2,3,2,2,7,11,197.9
125.2,557.4,3,1,1,5,84,117.0
151.4,905.8,3,2,2,7,9,213.0
99.8,942.0,3,1,2,5,31,153.5
204.0,1364.2,3,2,3,7,19,271.9
98.1,826.8,2,1,1,4,40,107.0
157.9,848.7,3,2,2,6,3,200.0
119.2,721.2,3,1,2,5,46,140.0
154.2,945.9,3,2,2,8,0,290.0
171.4,1042.2,3,2,2,6,18,189.0
162.8,1127.3,4,2,2,8,22,164.0
62.4,867.7,2,1,1,4,68,113.0
89.2,951.9,0,0,1,4,41,145.0
92.8,948.1,3,1,1,5,44,134.5
83.1,659.1,3,1,1,5,41,125.0
176.7,829.6,4,2,2,6,32,112.0
122.1,802.7,3,2,2,8,0,229.5
84.7,579.7,2,1,0,4,59,80.5
113.2,156.1,3,1,0,6,35,91.5
84.7,724.6,2,1,1,5,42,115.0
112.5,766.5,3,1,1,5,40,134.0
171.5,975.1,3,2,1,6,58,143.0
198.4,992.2,4,2,2,5,55,137.9
138.4,1429.2,3,2,2,7,4,184.0
105.7,973.8,3,1,1,6,49,145.0
179.6,1356.2,4,2,3,6,1,214.0
84.7,824.2,2,1,2,5,43,147.0
158.1,814.7,1,1,3,9,0,367.3
140.0,734.9,4,2,1,5,48,127.0
243.4,1754.9,4,2,2,5,30,190.0
110.6,718.0,3,1,2,5,44,132.5
113.7,914.4,2,2,2,4,45,101.8
110.4,1129.7,3,1,2,5,51,142.0
182.5,792.0,4,1,0,5,97,130.0
165.7,1220.0,4,1,1,5,92,138.9
151.1,244.1,2,2,2,7,7,175.5
181.0,1151.3,4,2,2,7,2,195.0
106.0,1214.4,3,1,2,6,1,142.5
137.9,839.6,2,2,2,8,1,265.9
164.3,757.9,3,2,2,7,5,224.9
156.9,915.0,3,2,3,7,0,248.3
109.0,987.1,3,2,2,7,36,170.0
192.9,1290.5,2,2,3,10,0,465.0
140.9,1062.3,3,1,2,8,77,230.0
173.5,1123.2,3,3,2,6,23,178.0
144.3,754.8,3,2,2,7,1,186.5
96.1,1145.3,3,1,3,6,34,169.9
191.2,891.9,3,1,2,6,91,129.5
91.8,668.9,3,1,1,5,57,119.0
196.0,1036.8,3,2,2,7,42,244.0
130.5,291.3,2,2,2,7,3,171.8
81.2,915.8,3,1,1,5,41,130.0
201.3,1629.7,3,2,2,7,33,294.0
153.8,643.9,3,2,2,7,5,165.4
127.0,579.7,3,1,1,6,76,127.5
184.6,1328.8,2,2,2,8,14,301.5
80.3,377.2,2,1,0,5,87,99.9
108.3,890.7,2,2,2,7,3,190.0
97.9,905.8,3,1,2,6,39,151.0
155.6,2293.0,3,2,2,6,10,181.0
97.5,891.9,2,1,1,5,53,128.9
166.1,1045.2,5,1,1,4,52,161.5
169.5,1255.6,3,1,2,6,88,180.5
124.2,377.2,2,2,2,6,10,181.0
134.9,347.0,3,2,2,7,7,183.9
175.5,940.2,4,1,1,7,97,122.0
187.5,1227.6,3,2,3,9,2,378.5
320.2,1309.9,4,3,3,8,73,381.0
141.6,1053.9,3,1,1,5,49,144.0
141.6,2192.0,0,0,2,7,31,260.0
138.3,850.6,3,2,2,6,41,185.8
86.9,1256.6,3,1,1,5,41,137.0
126.1,1069.5,2,1,1,6,49,177.0
116.1,498.1,3,2,2,5,97,139.0
178.4,1054.0,4,2,2,5,59,137.0
129.6,1201.8,3,1,2,6,37,162.0
160.2,1660.3,3,1,2,6,42,197.9
188.7,880.1,3,2,2,8,6,237.0
104.8,696.8,2,1,2,4,90,68.4
146.1,911.2,3,2,2,7,7,227.0
124.4,747.8,2,2,2,7,16,180.0
96.6,817.5,3,2,2,5,32,150.5
169.5,873.3,4,2,0,6,39,139.0
227.3,895.4,4,2,1,6,91,169.0
131.2,557.4,4,1,1,6,70,132.5
123.4,909.5,3,1,2,6,47,143.0
147.0,3391.0,4,2,2,5,42,190.0
154.1,526.2,2,2,2,8,9,278.0
183.0,1028.0,3,2,3,8,0,281.0
107.0,1311.0,3,1,2,5,46,180.5
121.0,156.1,3,2,1,5,37,119.5
220.4,613.2,4,2,1,5,117,107.5
154.6,942.0,4,2,2,7,30,162.9
80.3,759.2,2,1,2,5,51,115.0
97.7,780.4,3,1,1,5,38,138.5
104.8,808.3,3,2,2,5,45,155.0
99.6,341.4,2,2,2,6,1,140.0
524.2,5935.3,3,2,2,10,0,160.0
115.8,696.8,3,1,1,5,51,154.0
184.2,999.8,3,2,2,7,10,225.0
138.8,696.8,3,1,1,6,67,177.5
234.7,940.2,4,2,3,8,12,290.0
150.1,807.1,3,2,3,7,1,232.0
158.7,312.4,3,2,2,7,2,130.0
153.5,1223.8,2,2,2,9,3,325.0
127.1,646.1,2,2,2,7,1,202.5
92.0,749.9,3,1,2,5,15,138.0
104.2,1114.8,2,1,2,5,60,147.0
120.2,664.5,3,2,2,6,17,179.2
176.7,1625.8,3,2,2,7,51,335.0
118.4,818.8,3,2,2,7,2,203.0
261.1,889.3,4,2,2,8,17,302.0
241.5,1372.5,4,2,3,9,11,333.2
88.1,760.9,3,1,1,4,53,119.0
196.2,1028.9,4,2,2,6,39,206.9
151.4,950.0,3,2,3,8,1,295.5
125.6,393.0,2,2,2,7,1,208.9
166.0,1373.2,3,2,3,8,5,275.0
88.1,949.0,3,1,1,4,53,111.0
137.3,780.4,3,1,2,6,52,156.5
66.9,615.7,2,1,1,3,59,72.5
178.7,946.3,3,2,2,7,18,190.0
65.8,495.2,2,1,0,4,69,82.5
166.8,927.7,2,2,3,8,1,147.0
74.0,337.8,2,1,0,4,86,55.0
71.9,396.7,3,1,0,3,76,79.0
75.8,613.2,3,1,1,5,26,130.5
259.4,969.9,5,2,2,6,88,256.0
151.6,843.9,3,2,2,7,8,176.5
147.5,929.0,3,2,3,8,1,227.0
88.6,1001.5,3,1,2,5,30,132.5
75.8,824.7,2,1,1,4,71,100.0
126.3,668.9,2,1,1,5,68,125.5
126.8,220.0,3,1,2,5,39,125.0
123.9,896.5,2,2,2,6,32,167.9
153.8,859.0,4,2,2,5,35,135.0
64.4,382.6,2,1,0,4,65,52.5
172.9,1249.5,3,2,2,7,4,200.0
80.3,888.2,3,1,1,5,34,128.5
81.0,770.5,3,1,4,4,36,123.0
103.5,1272.3,3,1,2,6,5,155.0
201.5,871.0,3,2,2,8,5,228.5
177.7,702.2,3,1,2,6,81,177.0
135.3,1031.5,3,2,2,7,1,155.8
89.2,557.4,2,1,1,4,87,108.5
200.3,1930.6,3,2,2,7,38,262.5
165.0,1422.0,3,2,3,8,1,283.5
138.8,1504.7,3,2,2,7,9,215.0
219.1,487.7,4,2,0,8,136,122.0
244.7,1081.7,6,2,4,5,40,200.0
159.4,859.1,4,1,2,6,46,171.0
109.3,557.4,2,1,2,6,72,134.9
300.8,1367.5,4,2,3,8,15,410.0
173.3,958.4,3,2,3,7,8,235.0
178.4,946.9,4,3,2,7,38,170.0
82.9,880.4,3,1,1,5,42,110.0
100.1,1164.7,3,1,2,5,39,149.9
146.1,196.7,3,2,2,6,10,177.5
183.9,1554.9,3,2,3,9,2,315.0
241.6,914.4,4,3,2,5,87,189.0
142.1,1501.1,3,2,2,7,4,260.0
161.5,1162.5,4,2,1,4,89,104.9
131.2,789.6,3,2,2,6,1,156.9
111.5,295.4,2,2,2,7,1,144.2
155.5,696.8,3,2,2,7,10,216.0
166.3,852.8,3,2,2,7,9,193.0
137.0,247.6,4,2,1,5,29,127.0
78.8,412.0,1,1,2,6,6,144.0
155.0,988.0,3,2,2,8,7,232.0
127.6,501.7,2,1,1,4,89,105.0
154.3,891.9,3,1,1,6,53,165.5
194.8,905.8,3,2,2,7,8,274.3
244.6,1059.1,2,2,3,10,6,466.5
181.9,987.1,3,2,3,7,3,250.0
146.0,1021.1,3,2,3,8,0,239.0
73.4,584.5,2,1,1,6,78,91.0
149.0,1021.7,3,2,2,5,68,117.0
91.7,181.4,2,1,1,6,33,83.0
129.5,904.4,3,2,2,5,2,167.5
80.3,762.9,2,1,1,3,96,58.5
196.7,1200.8,4,2,2,6,38,237.5
163.7,668.9,4,1,2,7,86,157.0
131.6,2354.1,3,2,2,5,89,112.0
116.9,841.7,2,1,1,6,70,105.0
107.2,505.0,3,1,1,4,88,125.5
258.6,1550.7,5,3,2,7,28,250.0
234.7,791.5,5,2,1,6,91,136.0
162.2,1383.5,3,2,3,9,3,377.5
113.2,557.4,3,1,2,6,66,131.0
141.7,845.4,3,2,2,7,6,235.0
147.2,830.9,4,2,3,5,42,124.0
83.6,728.2,3,1,1,5,39,123.0
177.6,1003.4,3,2,2,6,103,163.0
139.4,375.8,2,2,3,7,0,246.6
230.6,1176.6,4,2,3,8,2,281.2
156.7,5314.1,3,1,2,5,62,160.0
140.6,568.6,4,1,1,5,87,137.5
176.9,668.9,3,1,1,5,59,138.0
149.4,573.3,3,2,1,6,84,137.4
107.6,557.4,3,1,1,6,79,120.0
148.0,688.9,3,2,2,6,4,193.0
120.2,628.2,2,2,2,7,0,193.9
136.0,1417.3,3,2,3,8,0,282.9
112.8,967.1,3,1,3,3,91,105.0
152.9,356.9,2,2,2,8,4,275.0
71.3,784.6,2,1,2,5,37,133.0
77.4,815.7,3,1,0,5,24,112.0
126.6,719.1,3,1,2,4,100,125.5
194.4,1908.6,3,2,2,7,22,215.0
170.9,1153.9,3,2,2,7,8,230.0
155.0,891.9,3,1,1,6,59,140.0
96.6,668.9,2,2,2,4,60,90.0
171.3,1021.4,2,2,2,8,4,257.0
171.7,1212.7,4,1,2,6,85,207.0
145.8,337.7,1,2,3,7,2,175.9
212.7,1053.5,4,2,2,4,125,122.5
227.6,1537.1,3,2,3,8,11,340.0
106.3,855.1,3,1,1,5,45,124.0
171.3,1521.8,3,2,2,6,37,223.0
131.6,1087.0,3,2,2,6,38,179.9
99.3,375.6,2,2,2,6,33,127.5
78.8,412.0,1,1,2,6,5,136.5
204.5,1829.3,4,2,2,6,40,275.0
124.9,882.9,2,1,1,5,49,144.0
116.3,996.0,3,1,2,6,49,142.0
197.6,1016.7,3,2,2,7,14,271.0
144.7,1015.4,3,1,1,5,63,140.0
74.7,668.9,2,1,1,5,70,119.0
133.8,1165.6,3,2,2,6,26,182.9
170.8,2037.4,4,2,2,5,1,192.1
89.0,457.8,2,2,2,6,33,143.8
89.9,1003.4,4,2,1,4,80,64.5
166.5,953.3,3,2,2,6,8,186.5
104.6,1616.5,3,2,2,5,29,160.0
142.8,780.4,3,1,2,6,46,174.0
80.3,836.1,3,1,2,4,36,120.5
179.5,1156.1,2,2,3,8,0,394.6
114.8,688.1,2,1,2,6,53,149.7
160.3,1076.2,3,2,2,7,28,197.0
237.4,1070.8,3,2,2,6,86,191.0
78.8,411.2,1,1,2,6,4,149.3
186.5,1022.2,3,2,3,10,1,310.0
88.4,822.6,2,1,1,6,93,121.0
132.1,789.7,3,2,2,7,3,179.6
84.8,780.4,3,1,1,6,41,129.0
110.4,2428.7,3,1,1,5,48,157.9
194.2,929.0,3,2,2,8,12,240.0
125.0,1093.2,2,1,1,4,97,112.0
58.5,142.4,1,1,0,5,36,92.0
166.5,836.1,4,2,0,5,35,136.0
146.6,860.5,3,2,3,8,1,287.1
99.6,341.4,2,1,2,5,1,145.0
105.9,1599.5,3,1,0,5,0,84.5
113.4,696.8,2,2,2,7,5,185.0
153.0,735.5,3,2,2,6,8,175.0
192.6,1224.0,3,2,2,6,32,210.0
217.4,840.0,4,2,1,7,69,266.5
100.1,902.7,2,1,1,5,60,142.1
116.7,923.2,3,1,1,5,43,147.5
